GERG,unit_307,"-93.4882,29.1417,0",-93.4882,29.1417,0.0,0.0,0.0,2014/07/11 19:38:13
GERG,unit_307,"-93.4880,29.1421,0",-93.4880,29.1421,0.0,0.0,0.0,2014/07/11 20:08:21
GERG,unit_307,"-93.4879,29.1424,0",-93.4879,29.1424,0.0,0.0,0.0,2014/07/11 20:28:43
GERG,unit_307,"-93.4877,29.1428,0",-93.4877,29.1428,0.0,0.0,0.0,2014/07/11 20:39:27
GERG,unit_307,"-93.4877,29.1425,0",-93.4877,29.1425,0.0,0.0,0.0,2014/07/11 20:49:44
GERG,unit_307,"-93.4872,29.1423,0",-93.4872,29.1423,0.0,0.0,0.0,2014/07/11 21:10:21
GERG,unit_307,"-93.4874,29.1420,0",-93.4874,29.1420,0.0,0.0,0.0,2014/07/11 21:20:25
GERG,unit_307,"-93.4874,29.1418,0",-93.4874,29.1418,0.0,0.0,0.0,2014/07/11 21:30:29
GERG,unit_307,"-93.4865,29.1415,0",-93.4865,29.1415,0.0,0.0,0.0,2014/07/11 21:40:33
GERG,unit_307,"-93.4865,29.1422,0",-93.4865,29.1422,0.0,0.0,0.0,2014/07/11 21:50:37
GERG,unit_307,"-93.4862,29.1424,0",-93.4862,29.1424,0.0,0.0,0.0,2014/07/11 22:00:40
GERG,unit_307,"-93.4855,29.1419,0",-93.4855,29.1419,0.0,0.0,0.0,2014/07/11 22:10:44
GERG,unit_307,"-93.4854,29.1435,0",-93.4854,29.1435,0.0,0.0,0.0,2014/07/11 22:26:20
GERG,unit_307,"-93.4843,29.1428,0",-93.4843,29.1428,0.0,0.0,0.0,2014/07/11 22:36:24
GERG,unit_307,"-93.4841,29.1473,0",-93.4841,29.1473,0.0,0.0,0.0,2014/07/11 23:20:02
GERG,unit_307,"-93.4786,29.1465,0",-93.4786,29.1465,0.0,0.0,0.0,2014/07/12 00:13:43
GERG,unit_307,"-93.4797,29.1482,0",-93.4797,29.1482,0.0,0.0,0.0,2014/07/12 00:33:16
GERG,unit_307,"-93.4579,29.1454,0",-93.4579,29.1454,0.0,0.0,0.0,2014/07/12 04:03:17
GERG,unit_307,"-93.4579,29.1456,0",-93.4579,29.1456,0.0,0.0,0.0,2014/07/12 04:29:22
GERG,unit_307,"-93.4598,29.1552,0",-93.4598,29.1552,0.0,0.0,0.0,2014/07/12 05:01:42
GERG,unit_307,"-93.4598,29.1555,0",-93.4598,29.1555,0.0,0.0,0.0,2014/07/12 05:11:46
GERG,unit_307,"-93.4258,29.1802,0",-93.4258,29.1802,0.0,0.0,0.0,2014/07/12 10:02:48
GERG,unit_307,"-93.4258,29.1803,0",-93.4258,29.1803,0.0,0.0,0.0,2014/07/12 10:15:14
GERG,unit_307,"-93.4268,29.1810,0",-93.4268,29.1810,0.0,0.0,0.0,2014/07/12 10:26:01
GERG,unit_307,"-93.3994,29.1768,0",-93.3994,29.1768,0.0,0.0,0.0,2014/07/12 16:03:22
GERG,unit_307,"-93.3995,29.1768,0",-93.3995,29.1768,0.0,0.0,0.0,2014/07/12 16:13:24
GERG,unit_307,"-93.4016,29.1764,0",-93.4016,29.1764,0.0,0.0,0.0,2014/07/12 16:34:20
GERG,unit_307,"-93.4009,29.1767,0",-93.4009,29.1767,0.0,0.0,0.0,2014/07/12 16:44:21
GERG,unit_307,"-93.3775,29.1589,0",-93.3775,29.1589,0.0,0.0,0.0,2014/07/12 22:03:01
GERG,unit_307,"-93.3777,29.1590,0",-93.3777,29.1590,0.0,0.0,0.0,2014/07/12 22:12:46
GERG,unit_307,"-93.3790,29.1606,0",-93.3790,29.1606,0.0,0.0,0.0,2014/07/12 22:23:35
GERG,unit_307,"-93.3816,29.1260,0",-93.3816,29.1260,0.0,0.0,0.0,2014/07/13 04:02:30
GERG,unit_307,"-93.3817,29.1262,0",-93.3817,29.1262,0.0,0.0,0.0,2014/07/13 04:15:18
GERG,unit_307,"-93.3844,29.1332,0",-93.3844,29.1332,0.0,0.0,0.0,2014/07/13 04:37:09
GERG,unit_307,"-93.3844,29.1333,0",-93.3844,29.1333,0.0,0.0,0.0,2014/07/13 04:47:14
GERG,unit_307,"-93.3873,29.1629,0",-93.3873,29.1629,0.0,0.0,0.0,2014/07/13 10:03:28
GERG,unit_307,"-93.3873,29.1629,0",-93.3873,29.1629,0.0,0.0,0.0,2014/07/13 10:13:32
GERG,unit_307,"-93.3870,29.1627,0",-93.3870,29.1627,0.0,0.0,0.0,2014/07/13 10:34:12
GERG,unit_307,"-93.3876,29.1625,0",-93.3876,29.1625,0.0,0.0,0.0,2014/07/13 10:44:15
GERG,unit_307,"-93.3732,29.1526,0",-93.3732,29.1526,0.0,0.0,0.0,2014/07/13 16:02:49
GERG,unit_307,"-93.3733,29.1525,0",-93.3733,29.1525,0.0,0.0,0.0,2014/07/13 16:15:20
GERG,unit_307,"-93.3759,29.1510,0",-93.3759,29.1510,0.0,0.0,0.0,2014/07/13 16:26:06
GERG,unit_307,"-93.3528,29.1387,0",-93.3528,29.1387,0.0,0.0,0.0,2014/07/13 22:03:31
GERG,unit_307,"-93.3530,29.1387,0",-93.3530,29.1387,0.0,0.0,0.0,2014/07/13 22:16:58
GERG,unit_307,"-93.3561,29.1399,0",-93.3561,29.1399,0.0,0.0,0.0,2014/07/13 22:31:34
GERG,unit_307,"-93.3559,29.1408,0",-93.3559,29.1408,0.0,0.0,0.0,2014/07/13 22:41:36
GERG,unit_307,"-93.3519,29.1072,0",-93.3519,29.1072,0.0,0.0,0.0,2014/07/14 04:03:18
GERG,unit_307,"-93.3519,29.1074,0",-93.3519,29.1074,0.0,0.0,0.0,2014/07/14 04:15:12
GERG,unit_307,"-93.3534,29.1114,0",-93.3534,29.1114,0.0,0.0,0.0,2014/07/14 04:29:39
GERG,unit_307,"-93.3538,29.1119,0",-93.3538,29.1119,0.0,0.0,0.0,2014/07/14 04:39:40
GERG,unit_307,"-93.3502,29.1502,0",-93.3502,29.1502,0.0,0.0,0.0,2014/07/14 10:03:29
GERG,unit_307,"-93.3496,29.1504,0",-93.3496,29.1504,0.0,0.0,0.0,2014/07/14 10:13:29
GERG,unit_307,"-93.3479,29.1521,0",-93.3479,29.1521,0.0,0.0,0.0,2014/07/14 11:31:39
GERG,unit_307,"-93.3476,29.1522,0",-93.3476,29.1522,0.0,0.0,0.0,2014/07/14 11:41:41
GERG,unit_307,"-93.3317,29.1429,0",-93.3317,29.1429,0.0,0.0,0.0,2014/07/14 16:03:22
GERG,unit_307,"-93.3317,29.1429,0",-93.3317,29.1429,0.0,0.0,0.0,2014/07/14 16:17:54
GERG,unit_307,"-93.3301,29.1435,0",-93.3301,29.1435,0.0,0.0,0.0,2014/07/14 16:30:18
GERG,unit_307,"-93.3300,29.1434,0",-93.3300,29.1434,0.0,0.0,0.0,2014/07/14 16:40:20
GERG,unit_307,"-93.3004,29.1569,0",-93.3004,29.1569,0.0,0.0,0.0,2014/07/14 22:02:24
GERG,unit_307,"-93.3004,29.1562,0",-93.3004,29.1562,0.0,0.0,0.0,2014/07/14 22:12:26
GERG,unit_307,"-93.2697,29.1280,0",-93.2697,29.1280,0.0,0.0,0.0,2014/07/15 04:04:21
GERG,unit_307,"-93.2698,29.1280,0",-93.2698,29.1280,0.0,0.0,0.0,2014/07/15 04:20:49
GERG,unit_307,"-93.2746,29.1352,0",-93.2746,29.1352,0.0,0.0,0.0,2014/07/15 05:33:29
GERG,unit_307,"-93.2601,29.1638,0",-93.2601,29.1638,0.0,0.0,0.0,2014/07/15 10:03:52
GERG,unit_307,"-93.2600,29.1638,0",-93.2600,29.1638,0.0,0.0,0.0,2014/07/15 10:32:51
GERG,unit_307,"-93.2544,29.1669,0",-93.2544,29.1669,0.0,0.0,0.0,2014/07/15 10:44:10
GERG,unit_307,"-93.2541,29.1672,0",-93.2541,29.1672,0.0,0.0,0.0,2014/07/15 10:54:12
GERG,unit_307,"-93.2172,29.1483,0",-93.2172,29.1483,0.0,0.0,0.0,2014/07/15 16:04:56
GERG,unit_307,"-93.2170,29.1481,0",-93.2170,29.1481,0.0,0.0,0.0,2014/07/15 16:18:34
GERG,unit_307,"-93.2144,29.1466,0",-93.2144,29.1466,0.0,0.0,0.0,2014/07/15 16:29:20
GERG,unit_307,"-93.1740,29.1581,0",-93.1740,29.1581,0.0,0.0,0.0,2014/07/15 21:01:54
GERG,unit_307,"-93.1740,29.1579,0",-93.1740,29.1579,0.0,0.0,0.0,2014/07/15 21:12:52
GERG,unit_307,"-93.1738,29.1559,0",-93.1738,29.1559,0.0,0.0,0.0,2014/07/15 21:23:38
GERG,unit_307,"-93.1702,29.1542,0",-93.1702,29.1542,0.0,0.0,0.0,2014/07/15 22:03:29
GERG,unit_307,"-93.1709,29.1526,0",-93.1709,29.1526,0.0,0.0,0.0,2014/07/15 22:13:29
GERG,unit_307,"-93.1402,29.1265,0",-93.1402,29.1265,0.0,0.0,0.0,2014/07/16 04:06:01
GERG,unit_307,"-93.1404,29.1266,0",-93.1404,29.1266,0.0,0.0,0.0,2014/07/16 04:15:21
GERG,unit_307,"-93.1431,29.1270,0",-93.1431,29.1270,0.0,0.0,0.0,2014/07/16 04:26:09
GERG,unit_307,"-93.1424,29.1223,0",-93.1424,29.1223,0.0,0.0,0.0,2014/07/16 10:04:50
GERG,unit_307,"-93.1422,29.1225,0",-93.1422,29.1225,0.0,0.0,0.0,2014/07/16 10:14:54
GERG,unit_307,"-93.1399,29.1247,0",-93.1399,29.1247,0.0,0.0,0.0,2014/07/16 10:24:58
GERG,unit_307,"-93.1212,29.1048,0",-93.1212,29.1048,0.0,0.0,0.0,2014/07/16 16:05:31
GERG,unit_307,"-93.1211,29.1046,0",-93.1211,29.1046,0.0,0.0,0.0,2014/07/16 16:16:04
GERG,unit_307,"-93.1202,29.1019,0",-93.1202,29.1019,0.0,0.0,0.0,2014/07/16 16:26:51
GERG,unit_307,"-93.0827,29.1067,0",-93.0827,29.1067,0.0,0.0,0.0,2014/07/16 22:04:32
GERG,unit_307,"-93.0830,29.1067,0",-93.0830,29.1067,0.0,0.0,0.0,2014/07/16 22:15:16
GERG,unit_307,"-93.0865,29.1065,0",-93.0865,29.1065,0.0,0.0,0.0,2014/07/16 22:26:03
GERG,unit_307,"-93.0563,29.0841,0",-93.0563,29.0841,0.0,0.0,0.0,2014/07/17 04:05:54
GERG,unit_307,"-93.0565,29.0842,0",-93.0565,29.0842,0.0,0.0,0.0,2014/07/17 04:16:53
GERG,unit_307,"-93.0586,29.0858,0",-93.0586,29.0858,0.0,0.0,0.0,2014/07/17 04:27:41
GERG,unit_307,"-93.0463,29.0632,0",-93.0463,29.0632,0.0,0.0,0.0,2014/07/17 10:06:50
GERG,unit_307,"-93.0463,29.0635,0",-93.0463,29.0635,0.0,0.0,0.0,2014/07/17 10:17:13
GERG,unit_307,"-93.0451,29.0667,0",-93.0451,29.0667,0.0,0.0,0.0,2014/07/17 10:28:01
GERG,unit_307,"-93.0117,29.0540,0",-93.0117,29.0540,0.0,0.0,0.0,2014/07/17 16:04:30
GERG,unit_307,"-93.0114,29.0539,0",-93.0114,29.0539,0.0,0.0,0.0,2014/07/17 16:18:33
GERG,unit_307,"-93.0070,29.0533,0",-93.0070,29.0533,0.0,0.0,0.0,2014/07/17 16:29:23
GERG,unit_307,"-92.9813,29.0511,0",-92.9813,29.0511,0.0,0.0,0.0,2014/07/17 22:04:54
GERG,unit_307,"-92.9813,29.0510,0",-92.9813,29.0510,0.0,0.0,0.0,2014/07/17 22:16:14
GERG,unit_307,"-92.9808,29.0501,0",-92.9808,29.0501,0.0,0.0,0.0,2014/07/17 22:27:04
GERG,unit_307,"-92.9480,29.0402,0",-92.9480,29.0402,0.0,0.0,0.0,2014/07/18 04:04:33
GERG,unit_307,"-92.9480,29.0402,0",-92.9480,29.0402,0.0,0.0,0.0,2014/07/18 04:16:13
GERG,unit_307,"-92.9485,29.0421,0",-92.9485,29.0421,0.0,0.0,0.0,2014/07/18 04:27:02
GERG,unit_307,"-92.9480,29.0243,0",-92.9480,29.0243,0.0,0.0,0.0,2014/07/18 10:04:53
GERG,unit_307,"-92.9414,29.0295,0",-92.9414,29.0295,0.0,0.0,0.0,2014/07/18 10:45:27
GERG,unit_307,"-92.9165,29.0265,0",-92.9165,29.0265,0.0,0.0,0.0,2014/07/18 16:02:52
GERG,unit_307,"-92.9163,29.0264,0",-92.9163,29.0264,0.0,0.0,0.0,2014/07/18 16:29:37
GERG,unit_307,"-92.9066,29.0242,0",-92.9066,29.0242,0.0,0.0,0.0,2014/07/18 16:40:26
GERG,unit_307,"-92.8769,29.0210,0",-92.8769,29.0210,0.0,0.0,0.0,2014/07/18 22:04:51
GERG,unit_307,"-92.8768,29.0208,0",-92.8768,29.0208,0.0,0.0,0.0,2014/07/18 22:16:25
GERG,unit_307,"-92.8755,29.0175,0",-92.8755,29.0175,0.0,0.0,0.0,2014/07/18 22:27:13
GERG,unit_307,"-92.8746,29.0179,0",-92.8746,29.0179,0.0,0.0,0.0,2014/07/18 22:37:17
GERG,unit_307,"-92.8730,29.0126,0",-92.8730,29.0126,0.0,0.0,0.0,2014/07/18 22:59:57
GERG,unit_307,"-92.8731,29.0124,0",-92.8731,29.0124,0.0,0.0,0.0,2014/07/18 23:09:59
GERG,unit_307,"-92.8283,29.0285,0",-92.8283,29.0285,0.0,0.0,0.0,2014/07/19 04:04:21
GERG,unit_307,"-92.8285,29.0284,0",-92.8285,29.0284,0.0,0.0,0.0,2014/07/19 04:18:56
GERG,unit_307,"-92.8326,29.0271,0",-92.8326,29.0271,0.0,0.0,0.0,2014/07/19 04:29:45
GERG,unit_307,"-92.7859,29.0265,0",-92.7859,29.0265,0.0,0.0,0.0,2014/07/19 10:06:35
GERG,unit_307,"-92.7871,29.0286,0",-92.7871,29.0286,0.0,0.0,0.0,2014/07/19 10:16:36
GERG,unit_307,"-92.7762,29.0383,0",-92.7762,29.0383,0.0,0.0,0.0,2014/07/19 16:03:34
GERG,unit_307,"-92.7760,29.0383,0",-92.7760,29.0383,0.0,0.0,0.0,2014/07/19 16:19:50
GERG,unit_307,"-92.7694,29.0374,0",-92.7694,29.0374,0.0,0.0,0.0,2014/07/19 16:30:39
GERG,unit_307,"-92.7511,29.0536,0",-92.7511,29.0536,0.0,0.0,0.0,2014/07/19 22:02:03
GERG,unit_307,"-92.7510,29.0535,0",-92.7510,29.0535,0.0,0.0,0.0,2014/07/19 22:13:14
GERG,unit_307,"-92.7498,29.0522,0",-92.7498,29.0522,0.0,0.0,0.0,2014/07/19 22:24:03
GERG,unit_307,"-92.7335,29.0957,0",-92.7335,29.0957,0.0,0.0,0.0,2014/07/20 04:05:33
GERG,unit_307,"-92.7336,29.0957,0",-92.7336,29.0957,0.0,0.0,0.0,2014/07/20 04:16:40
GERG,unit_307,"-92.7350,29.0966,0",-92.7350,29.0966,0.0,0.0,0.0,2014/07/20 04:27:26
GERG,unit_307,"-92.7034,29.1016,0",-92.7034,29.1016,0.0,0.0,0.0,2014/07/20 10:04:35
GERG,unit_307,"-92.7033,29.1017,0",-92.7033,29.1017,0.0,0.0,0.0,2014/07/20 10:14:07
GERG,unit_307,"-92.7025,29.1042,0",-92.7025,29.1042,0.0,0.0,0.0,2014/07/20 10:24:57
GERG,unit_307,"-92.6836,29.1143,0",-92.6836,29.1143,0.0,0.0,0.0,2014/07/20 16:05:04
GERG,unit_307,"-92.6833,29.1142,0",-92.6833,29.1142,0.0,0.0,0.0,2014/07/20 16:17:05
GERG,unit_307,"-92.6783,29.1134,0",-92.6783,29.1134,0.0,0.0,0.0,2014/07/20 16:27:54
GERG,unit_307,"-92.6581,29.1087,0",-92.6581,29.1087,0.0,0.0,0.0,2014/07/20 22:04:01
GERG,unit_307,"-92.6585,29.1076,0",-92.6585,29.1076,0.0,0.0,0.0,2014/07/20 22:14:02
GERG,unit_307,"-92.6607,29.1251,0",-92.6607,29.1251,0.0,0.0,0.0,2014/07/21 04:05:23
GERG,unit_307,"-92.6607,29.1252,0",-92.6607,29.1252,0.0,0.0,0.0,2014/07/21 04:29:26
GERG,unit_307,"-92.6603,29.1276,0",-92.6603,29.1276,0.0,0.0,0.0,2014/07/21 04:40:16
GERG,unit_307,"-92.6537,29.1103,0",-92.6537,29.1103,0.0,0.0,0.0,2014/07/21 10:04:39
GERG,unit_307,"-92.6535,29.1102,0",-92.6535,29.1102,0.0,0.0,0.0,2014/07/21 10:15:10
GERG,unit_307,"-92.6509,29.1096,0",-92.6509,29.1096,0.0,0.0,0.0,2014/07/21 10:26:00
GERG,unit_307,"-92.6508,29.1096,0",-92.6508,29.1096,0.0,0.0,0.0,2014/07/21 16:05:32
GERG,unit_307,"-92.6506,29.1094,0",-92.6506,29.1094,0.0,0.0,0.0,2014/07/21 16:19:32
GERG,unit_307,"-92.6484,29.1068,0",-92.6484,29.1068,0.0,0.0,0.0,2014/07/21 16:30:21
GERG,unit_307,"-92.6451,29.0863,0",-92.6451,29.0863,0.0,0.0,0.0,2014/07/21 22:03:05
GERG,unit_307,"-92.6441,29.0843,0",-92.6441,29.0843,0.0,0.0,0.0,2014/07/21 22:13:07
GERG,unit_307,"-92.6435,29.0835,0",-92.6435,29.0835,0.0,0.0,0.0,2014/07/21 23:25:57
GERG,unit_307,"-92.6437,29.0816,0",-92.6437,29.0816,0.0,0.0,0.0,2014/07/21 23:35:58
GERG,unit_307,"-92.6400,29.0865,0",-92.6400,29.0865,0.0,0.0,0.0,2014/07/22 04:04:05
GERG,unit_307,"-92.6400,29.0865,0",-92.6400,29.0865,0.0,0.0,0.0,2014/07/22 04:27:17
GERG,unit_307,"-92.6406,29.0870,0",-92.6406,29.0870,0.0,0.0,0.0,2014/07/22 04:38:07
GERG,unit_307,"-92.6123,29.0667,0",-92.6123,29.0667,0.0,0.0,0.0,2014/07/22 10:04:04
GERG,unit_307,"-92.6121,29.0666,0",-92.6121,29.0666,0.0,0.0,0.0,2014/07/22 10:15:17
GERG,unit_307,"-92.6093,29.0652,0",-92.6093,29.0652,0.0,0.0,0.0,2014/07/22 10:26:04
GERG,unit_307,"-92.5843,29.0512,0",-92.5843,29.0512,0.0,0.0,0.0,2014/07/22 16:04:58
GERG,unit_307,"-92.5841,29.0510,0",-92.5841,29.0510,0.0,0.0,0.0,2014/07/22 16:19:22
GERG,unit_307,"-92.5807,29.0484,0",-92.5807,29.0484,0.0,0.0,0.0,2014/07/22 16:30:11
GERG,unit_307,"-92.5583,29.0204,0",-92.5583,29.0204,0.0,0.0,0.0,2014/07/22 22:05:31
GERG,unit_307,"-92.5582,29.0202,0",-92.5582,29.0202,0.0,0.0,0.0,2014/07/22 22:21:40
GERG,unit_307,"-92.5581,29.0162,0",-92.5581,29.0162,0.0,0.0,0.0,2014/07/22 22:32:30
GERG,unit_307,"-92.5421,29.0132,0",-92.5421,29.0132,0.0,0.0,0.0,2014/07/23 04:03:32
GERG,unit_307,"-92.5422,29.0132,0",-92.5422,29.0132,0.0,0.0,0.0,2014/07/23 04:17:39
GERG,unit_307,"-92.5435,29.0129,0",-92.5435,29.0129,0.0,0.0,0.0,2014/07/23 04:28:30
GERG,unit_307,"-92.5177,29.0035,0",-92.5177,29.0035,0.0,0.0,0.0,2014/07/23 10:06:05
GERG,unit_307,"-92.5175,29.0032,0",-92.5175,29.0032,0.0,0.0,0.0,2014/07/23 10:16:06
GERG,unit_307,"-92.5129,28.9966,0",-92.5129,28.9966,0.0,0.0,0.0,2014/07/23 11:23:28
GERG,unit_307,"-92.5129,28.9966,0",-92.5129,28.9966,0.0,0.0,0.0,2014/07/23 11:34:01
GERG,unit_307,"-92.5126,28.9966,0",-92.5126,28.9966,0.0,0.0,0.0,2014/07/23 11:44:52
GERG,unit_307,"-92.5102,28.9851,0",-92.5102,28.9851,0.0,0.0,0.0,2014/07/23 16:02:08
GERG,unit_307,"-92.5104,28.9847,0",-92.5104,28.9847,0.0,0.0,0.0,2014/07/23 16:12:10
GERG,unit_307,"-92.5070,28.9819,0",-92.5070,28.9819,0.0,0.0,0.0,2014/07/23 18:36:07
GERG,unit_307,"-92.5093,28.9750,0",-92.5093,28.9750,0.0,0.0,0.0,2014/07/23 19:41:56
GERG,unit_307,"-92.5022,28.9723,0",-92.5022,28.9723,0.0,0.0,0.0,2014/07/23 22:04:18
GERG,unit_307,"-92.5025,28.9719,0",-92.5025,28.9719,0.0,0.0,0.0,2014/07/23 22:14:19
GERG,unit_307,"-92.5026,28.9792,0",-92.5026,28.9792,0.0,0.0,0.0,2014/07/24 02:40:02
GERG,unit_307,"-92.5026,28.9792,0",-92.5026,28.9792,0.0,0.0,0.0,2014/07/24 03:09:46
GERG,unit_307,"-92.5038,28.9795,0",-92.5038,28.9795,0.0,0.0,0.0,2014/07/24 03:20:34
GERG,unit_307,"-92.5058,28.9827,0",-92.5058,28.9827,0.0,0.0,0.0,2014/07/24 04:05:59
GERG,unit_307,"-92.5062,28.9828,0",-92.5062,28.9828,0.0,0.0,0.0,2014/07/24 04:16:02
GERG,unit_307,"-92.5021,28.9937,0",-92.5021,28.9937,0.0,0.0,0.0,2014/07/24 10:05:39
GERG,unit_307,"-92.5022,28.9937,0",-92.5022,28.9937,0.0,0.0,0.0,2014/07/24 10:19:10
GERG,unit_307,"-92.5032,28.9944,0",-92.5032,28.9944,0.0,0.0,0.0,2014/07/24 10:30:00
GERG,unit_307,"-92.5044,28.9993,0",-92.5044,28.9993,0.0,0.0,0.0,2014/07/24 16:02:07
GERG,unit_307,"-92.5043,28.9994,0",-92.5043,28.9994,0.0,0.0,0.0,2014/07/24 16:19:34
GERG,unit_307,"-92.5019,29.0020,0",-92.5019,29.0020,0.0,0.0,0.0,2014/07/24 16:30:23
GERG,unit_307,"-92.4959,29.0097,0",-92.4959,29.0097,0.0,0.0,0.0,2014/07/24 22:03:07
GERG,unit_307,"-92.4958,29.0096,0",-92.4958,29.0096,0.0,0.0,0.0,2014/07/24 22:20:07
GERG,unit_307,"-92.4930,29.0056,0",-92.4930,29.0056,0.0,0.0,0.0,2014/07/24 22:30:53
GERG,unit_307,"-92.4898,29.0260,0",-92.4898,29.0260,0.0,0.0,0.0,2014/07/25 04:03:58
GERG,unit_307,"-92.4908,29.0262,0",-92.4908,29.0262,0.0,0.0,0.0,2014/07/25 04:13:59
GERG,unit_307,"-92.4882,29.0328,0",-92.4882,29.0328,0.0,0.0,0.0,2014/07/25 05:26:11
GERG,unit_307,"-92.4883,29.0328,0",-92.4883,29.0328,0.0,0.0,0.0,2014/07/25 05:42:17
GERG,unit_307,"-92.4906,29.0351,0",-92.4906,29.0351,0.0,0.0,0.0,2014/07/25 05:53:09
GERG,unit_307,"-92.4671,29.0411,0",-92.4671,29.0411,0.0,0.0,0.0,2014/07/25 10:04:37
GERG,unit_307,"-92.4670,29.0412,0",-92.4670,29.0412,0.0,0.0,0.0,2014/07/25 10:15:28
GERG,unit_307,"-92.4661,29.0421,0",-92.4661,29.0421,0.0,0.0,0.0,2014/07/25 10:26:18
GERG,unit_307,"-92.4463,29.0237,0",-92.4463,29.0237,0.0,0.0,0.0,2014/07/25 16:04:34
GERG,unit_307,"-92.4460,29.0238,0",-92.4460,29.0238,0.0,0.0,0.0,2014/07/25 16:22:08
GERG,unit_307,"-92.4393,29.0262,0",-92.4393,29.0262,0.0,0.0,0.0,2014/07/25 16:32:57
GERG,unit_307,"-92.4238,29.0234,0",-92.4238,29.0234,0.0,0.0,0.0,2014/07/25 22:02:05
GERG,unit_307,"-92.4235,29.0232,0",-92.4235,29.0232,0.0,0.0,0.0,2014/07/25 22:19:26
GERG,unit_307,"-92.4188,29.0195,0",-92.4188,29.0195,0.0,0.0,0.0,2014/07/25 22:30:13
GERG,unit_307,"-92.4017,29.0077,0",-92.4017,29.0077,0.0,0.0,0.0,2014/07/26 04:06:03
GERG,unit_307,"-92.4017,29.0075,0",-92.4017,29.0075,0.0,0.0,0.0,2014/07/26 04:16:05
GERG,unit_307,"-92.3748,29.0144,0",-92.3748,29.0144,0.0,0.0,0.0,2014/07/26 10:02:43
GERG,unit_307,"-92.3732,29.0145,0",-92.3732,29.0145,0.0,0.0,0.0,2014/07/26 10:12:45
GERG,unit_307,"-92.3340,28.9992,0",-92.3340,28.9992,0.0,0.0,0.0,2014/07/26 16:02:38
GERG,unit_307,"-92.3337,28.9992,0",-92.3337,28.9992,0.0,0.0,0.0,2014/07/26 16:26:54
GERG,unit_307,"-92.3266,28.9980,0",-92.3266,28.9980,0.0,0.0,0.0,2014/07/26 16:37:43
GERG,unit_307,"-92.2935,28.9895,0",-92.2935,28.9895,0.0,0.0,0.0,2014/07/26 22:04:07
GERG,unit_307,"-92.2793,28.9858,0",-92.2793,28.9858,0.0,0.0,0.0,2014/07/26 23:05:31
GERG,unit_307,"-92.2551,28.9701,0",-92.2551,28.9701,0.0,0.0,0.0,2014/07/27 04:05:33
GERG,unit_307,"-92.2550,28.9701,0",-92.2550,28.9701,0.0,0.0,0.0,2014/07/27 04:28:24
GERG,unit_307,"-92.2506,28.9703,0",-92.2506,28.9703,0.0,0.0,0.0,2014/07/27 04:39:13
GERG,unit_307,"-92.2166,28.9764,0",-92.2166,28.9764,0.0,0.0,0.0,2014/07/27 10:02:58
GERG,unit_307,"-92.2163,28.9765,0",-92.2163,28.9765,0.0,0.0,0.0,2014/07/27 10:17:11
GERG,unit_307,"-92.2110,28.9764,0",-92.2110,28.9764,0.0,0.0,0.0,2014/07/27 10:28:03
GERG,unit_307,"-92.1704,28.9612,0",-92.1704,28.9612,0.0,0.0,0.0,2014/07/27 16:03:31
GERG,unit_307,"-92.1699,28.9612,0",-92.1699,28.9612,0.0,0.0,0.0,2014/07/27 16:22:39
GERG,unit_307,"-92.1616,28.9623,0",-92.1616,28.9623,0.0,0.0,0.0,2014/07/27 16:33:30
GERG,unit_307,"-92.1264,28.9496,0",-92.1264,28.9496,0.0,0.0,0.0,2014/07/27 22:03:38
GERG,unit_307,"-92.1262,28.9494,0",-92.1262,28.9494,0.0,0.0,0.0,2014/07/27 22:23:33
GERG,unit_307,"-92.1221,28.9460,0",-92.1221,28.9460,0.0,0.0,0.0,2014/07/27 22:34:23
GERG,unit_307,"-92.0971,28.9284,0",-92.0971,28.9284,0.0,0.0,0.0,2014/07/28 04:05:10
GERG,unit_307,"-92.0969,28.9284,0",-92.0969,28.9284,0.0,0.0,0.0,2014/07/28 04:22:40
GERG,unit_307,"-92.0933,28.9285,0",-92.0933,28.9285,0.0,0.0,0.0,2014/07/28 04:33:27
GERG,unit_307,"-92.0732,28.9360,0",-92.0732,28.9360,0.0,0.0,0.0,2014/07/28 10:04:12
GERG,unit_307,"-92.0729,28.9360,0",-92.0729,28.9360,0.0,0.0,0.0,2014/07/28 10:19:18
GERG,unit_307,"-92.0667,28.9350,0",-92.0667,28.9350,0.0,0.0,0.0,2014/07/28 10:30:07
GERG,unit_307,"-92.0370,28.9282,0",-92.0370,28.9282,0.0,0.0,0.0,2014/07/28 16:03:10
GERG,unit_307,"-92.0366,28.9280,0",-92.0366,28.9280,0.0,0.0,0.0,2014/07/28 16:22:58
GERG,unit_307,"-92.0291,28.9229,0",-92.0291,28.9229,0.0,0.0,0.0,2014/07/28 16:33:46
GERG,unit_307,"-91.9955,28.9270,0",-91.9955,28.9270,0.0,0.0,0.0,2014/07/28 22:02:39
GERG,unit_307,"-91.9929,28.9248,0",-91.9929,28.9248,0.0,0.0,0.0,2014/07/28 22:12:40
GERG,unit_307,"-91.9835,28.9220,0",-91.9835,28.9220,0.0,0.0,0.0,2014/07/28 23:28:13
GERG,unit_307,"-91.9834,28.9219,0",-91.9834,28.9219,0.0,0.0,0.0,2014/07/28 23:51:06
GERG,unit_307,"-91.9756,28.9155,0",-91.9756,28.9155,0.0,0.0,0.0,2014/07/29 00:01:59
GERG,unit_307,"-91.9443,28.9063,0",-91.9443,28.9063,0.0,0.0,0.0,2014/07/29 04:04:08
GERG,unit_307,"-91.9440,28.9061,0",-91.9440,28.9061,0.0,0.0,0.0,2014/07/29 04:18:22
GERG,unit_307,"-91.9394,28.9040,0",-91.9394,28.9040,0.0,0.0,0.0,2014/07/29 04:28:55
GERG,unit_307,"-91.9004,28.9087,0",-91.9004,28.9087,0.0,0.0,0.0,2014/07/29 10:02:22
GERG,unit_307,"-91.8966,28.9066,0",-91.8966,28.9066,0.0,0.0,0.0,2014/07/29 10:12:24
GERG,unit_307,"-91.8494,28.8884,0",-91.8494,28.8884,0.0,0.0,0.0,2014/07/29 16:01:59
GERG,unit_307,"-91.8493,28.8881,0",-91.8493,28.8881,0.0,0.0,0.0,2014/07/29 16:20:54
GERG,unit_307,"-91.8427,28.8750,0",-91.8427,28.8750,0.0,0.0,0.0,2014/07/29 16:48:14
GERG,unit_307,"-91.8427,28.8747,0",-91.8427,28.8747,0.0,0.0,0.0,2014/07/29 16:58:18
GERG,unit_307,"-91.8016,28.8553,0",-91.8016,28.8553,0.0,0.0,0.0,2014/07/29 22:02:01
GERG,unit_307,"-91.8015,28.8552,0",-91.8015,28.8552,0.0,0.0,0.0,2014/07/29 22:23:39
GERG,unit_307,"-91.7996,28.8531,0",-91.7996,28.8531,0.0,0.0,0.0,2014/07/29 22:34:29
GERG,unit_307,"-91.7665,28.8193,0",-91.7665,28.8193,0.0,0.0,0.0,2014/07/30 04:04:56
GERG,unit_307,"-91.7652,28.8191,0",-91.7652,28.8191,0.0,0.0,0.0,2014/07/30 04:14:57
GERG,unit_307,"-91.7610,28.8156,0",-91.7610,28.8156,0.0,0.0,0.0,2014/07/30 05:28:17
GERG,unit_307,"-91.7609,28.8156,0",-91.7609,28.8156,0.0,0.0,0.0,2014/07/30 05:49:07
GERG,unit_307,"-91.7575,28.8160,0",-91.7575,28.8160,0.0,0.0,0.0,2014/07/30 05:59:58
GERG,unit_307,"-91.7439,28.8131,0",-91.7439,28.8131,0.0,0.0,0.0,2014/07/30 10:03:25
GERG,unit_307,"-91.7438,28.8130,0",-91.7438,28.8130,0.0,0.0,0.0,2014/07/30 10:19:21
GERG,unit_307,"-91.7402,28.8124,0",-91.7402,28.8124,0.0,0.0,0.0,2014/07/30 10:30:09
GERG,unit_307,"-91.7335,28.8004,0",-91.7335,28.8004,0.0,0.0,0.0,2014/07/30 16:01:51
GERG,unit_307,"-91.7318,28.7973,0",-91.7318,28.7973,0.0,0.0,0.0,2014/07/30 16:35:47
GERG,unit_307,"-91.7293,28.7919,0",-91.7293,28.7919,0.0,0.0,0.0,2014/07/30 22:02:41
GERG,unit_307,"-91.7292,28.7919,0",-91.7292,28.7919,0.0,0.0,0.0,2014/07/30 22:22:22
GERG,unit_307,"-91.7280,28.7899,0",-91.7280,28.7899,0.0,0.0,0.0,2014/07/30 22:33:14
GERG,unit_307,"-91.7151,28.7783,0",-91.7151,28.7783,0.0,0.0,0.0,2014/07/31 04:02:55
GERG,unit_307,"-91.7138,28.7779,0",-91.7138,28.7779,0.0,0.0,0.0,2014/07/31 04:12:57
GERG,unit_307,"-91.7116,28.7759,0",-91.7116,28.7759,0.0,0.0,0.0,2014/07/31 05:22:44
GERG,unit_307,"-91.7115,28.7759,0",-91.7115,28.7759,0.0,0.0,0.0,2014/07/31 05:55:56
GERG,unit_307,"-91.7062,28.7736,0",-91.7062,28.7736,0.0,0.0,0.0,2014/07/31 06:06:45
GERG,unit_307,"-91.6998,28.7781,0",-91.6998,28.7781,0.0,0.0,0.0,2014/07/31 10:04:02
GERG,unit_307,"-91.6997,28.7780,0",-91.6997,28.7780,0.0,0.0,0.0,2014/07/31 10:19:15
GERG,unit_307,"-91.6975,28.7768,0",-91.6975,28.7768,0.0,0.0,0.0,2014/07/31 10:30:07
GERG,unit_307,"-91.6869,28.7644,0",-91.6869,28.7644,0.0,0.0,0.0,2014/07/31 16:03:59
GERG,unit_307,"-91.6868,28.7643,0",-91.6868,28.7643,0.0,0.0,0.0,2014/07/31 16:24:08
GERG,unit_307,"-91.6845,28.7638,0",-91.6845,28.7638,0.0,0.0,0.0,2014/07/31 16:34:58
GERG,unit_307,"-91.6837,28.7618,0",-91.6837,28.7618,0.0,0.0,0.0,2014/07/31 22:01:52
GERG,unit_307,"-91.6836,28.7618,0",-91.6836,28.7618,0.0,0.0,0.0,2014/07/31 22:22:19
GERG,unit_307,"-91.6811,28.7619,0",-91.6811,28.7619,0.0,0.0,0.0,2014/07/31 22:33:09
GERG,unit_307,"-91.6695,28.7550,0",-91.6695,28.7550,0.0,0.0,0.0,2014/08/01 04:04:29
GERG,unit_307,"-91.6695,28.7550,0",-91.6695,28.7550,0.0,0.0,0.0,2014/08/01 04:24:29
GERG,unit_307,"-91.6679,28.7543,0",-91.6679,28.7543,0.0,0.0,0.0,2014/08/01 04:35:21
GERG,unit_307,"-91.6607,28.7485,0",-91.6607,28.7485,0.0,0.0,0.0,2014/08/01 10:02:49
GERG,unit_307,"-91.6596,28.7486,0",-91.6596,28.7486,0.0,0.0,0.0,2014/08/01 10:12:49
GERG,unit_307,"-91.6587,28.7324,0",-91.6587,28.7324,0.0,0.0,0.0,2014/08/01 16:02:25
GERG,unit_307,"-91.6586,28.7325,0",-91.6586,28.7325,0.0,0.0,0.0,2014/08/01 16:35:04
GERG,unit_307,"-91.6522,28.7342,0",-91.6522,28.7342,0.0,0.0,0.0,2014/08/01 16:45:59
GERG,unit_307,"-91.6568,28.7331,0",-91.6568,28.7331,0.0,0.0,0.0,2014/08/01 22:03:50
GERG,unit_307,"-91.6566,28.7331,0",-91.6566,28.7331,0.0,0.0,0.0,2014/08/01 22:24:28
GERG,unit_307,"-91.6529,28.7321,0",-91.6529,28.7321,0.0,0.0,0.0,2014/08/01 22:35:20
GERG,unit_307,"-91.6432,28.7377,0",-91.6432,28.7377,0.0,0.0,0.0,2014/08/02 04:04:03
GERG,unit_307,"-91.6431,28.7376,0",-91.6431,28.7376,0.0,0.0,0.0,2014/08/02 04:25:57
GERG,unit_307,"-91.6426,28.7357,0",-91.6426,28.7357,0.0,0.0,0.0,2014/08/02 04:36:47
GERG,unit_307,"-91.6274,28.7346,0",-91.6274,28.7346,0.0,0.0,0.0,2014/08/02 10:04:04
GERG,unit_307,"-91.6273,28.7347,0",-91.6273,28.7347,0.0,0.0,0.0,2014/08/02 10:22:52
GERG,unit_307,"-91.6252,28.7362,0",-91.6252,28.7362,0.0,0.0,0.0,2014/08/02 10:33:42
GERG,unit_307,"-91.6177,28.7122,0",-91.6177,28.7122,0.0,0.0,0.0,2014/08/02 16:03:57
GERG,unit_307,"-91.6173,28.7122,0",-91.6173,28.7122,0.0,0.0,0.0,2014/08/02 16:24:19
GERG,unit_307,"-91.6101,28.7109,0",-91.6101,28.7109,0.0,0.0,0.0,2014/08/02 16:35:09
GERG,unit_307,"-91.6144,28.7023,0",-91.6144,28.7023,0.0,0.0,0.0,2014/08/02 22:03:34
GERG,unit_307,"-91.6141,28.7021,0",-91.6141,28.7021,0.0,0.0,0.0,2014/08/02 22:26:46
GERG,unit_307,"-91.6073,28.6978,0",-91.6073,28.6978,0.0,0.0,0.0,2014/08/02 22:37:41
GERG,unit_307,"-91.5965,28.7017,0",-91.5965,28.7017,0.0,0.0,0.0,2014/08/03 04:01:52
GERG,unit_307,"-91.5965,28.7015,0",-91.5965,28.7015,0.0,0.0,0.0,2014/08/03 04:22:08
GERG,unit_307,"-91.5976,28.6976,0",-91.5976,28.6976,0.0,0.0,0.0,2014/08/03 04:33:00
GERG,unit_307,"-91.5834,28.6935,0",-91.5834,28.6935,0.0,0.0,0.0,2014/08/03 10:03:02
GERG,unit_307,"-91.5834,28.6936,0",-91.5834,28.6936,0.0,0.0,0.0,2014/08/03 10:22:19
GERG,unit_307,"-91.5828,28.6947,0",-91.5828,28.6947,0.0,0.0,0.0,2014/08/03 10:33:05
GERG,unit_307,"-91.5804,28.6766,0",-91.5804,28.6766,0.0,0.0,0.0,2014/08/03 16:02:04
GERG,unit_307,"-91.5803,28.6766,0",-91.5803,28.6766,0.0,0.0,0.0,2014/08/03 16:23:51
GERG,unit_307,"-91.5757,28.6759,0",-91.5757,28.6759,0.0,0.0,0.0,2014/08/03 16:34:41
GERG,unit_307,"-91.5762,28.6754,0",-91.5762,28.6754,0.0,0.0,0.0,2014/08/03 22:04:02
GERG,unit_307,"-91.5762,28.6753,0",-91.5762,28.6753,0.0,0.0,0.0,2014/08/03 22:24:46
GERG,unit_307,"-91.5738,28.6726,0",-91.5738,28.6726,0.0,0.0,0.0,2014/08/03 22:35:36
GERG,unit_307,"-91.5561,28.6779,0",-91.5561,28.6779,0.0,0.0,0.0,2014/08/04 04:03:22
GERG,unit_307,"-91.5562,28.6773,0",-91.5562,28.6773,0.0,0.0,0.0,2014/08/04 04:13:26
GERG,unit_307,"-91.5519,28.6757,0",-91.5519,28.6757,0.0,0.0,0.0,2014/08/04 05:31:41
GERG,unit_307,"-91.5519,28.6757,0",-91.5519,28.6757,0.0,0.0,0.0,2014/08/04 05:53:28
GERG,unit_307,"-91.5520,28.6753,0",-91.5520,28.6753,0.0,0.0,0.0,2014/08/04 06:04:20
GERG,unit_307,"-91.5430,28.6692,0",-91.5430,28.6692,0.0,0.0,0.0,2014/08/04 10:05:05
GERG,unit_307,"-91.5422,28.6700,0",-91.5422,28.6700,0.0,0.0,0.0,2014/08/04 10:15:08
GERG,unit_307,"-91.5372,28.6654,0",-91.5372,28.6654,0.0,0.0,0.0,2014/08/04 13:00:02
GERG,unit_307,"-91.5372,28.6655,0",-91.5372,28.6655,0.0,0.0,0.0,2014/08/04 13:23:30
GERG,unit_307,"-91.5354,28.6674,0",-91.5354,28.6674,0.0,0.0,0.0,2014/08/04 13:34:21
GERG,unit_307,"-91.5326,28.6625,0",-91.5326,28.6625,0.0,0.0,0.0,2014/08/04 16:02:44
GERG,unit_307,"-91.5326,28.6625,0",-91.5326,28.6625,0.0,0.0,0.0,2014/08/04 16:15:13
GERG,unit_307,"-91.5310,28.6626,0",-91.5310,28.6626,0.0,0.0,0.0,2014/08/04 16:26:05
GERG,unit_307,"-91.5310,28.6699,0",-91.5310,28.6699,0.0,0.0,0.0,2014/08/04 22:05:03
GERG,unit_307,"-91.5309,28.6699,0",-91.5309,28.6699,0.0,0.0,0.0,2014/08/04 22:27:36
GERG,unit_307,"-91.5272,28.6709,0",-91.5272,28.6709,0.0,0.0,0.0,2014/08/04 22:38:29
GERG,unit_307,"-91.5146,28.6866,0",-91.5146,28.6866,0.0,0.0,0.0,2014/08/05 04:04:22
GERG,unit_307,"-91.5146,28.6866,0",-91.5146,28.6866,0.0,0.0,0.0,2014/08/05 04:26:13
GERG,unit_307,"-91.5130,28.6872,0",-91.5130,28.6872,0.0,0.0,0.0,2014/08/05 04:37:02
GERG,unit_307,"-91.5069,28.6768,0",-91.5069,28.6768,0.0,0.0,0.0,2014/08/05 10:03:29
GERG,unit_307,"-91.5068,28.6768,0",-91.5068,28.6768,0.0,0.0,0.0,2014/08/05 10:21:36
GERG,unit_307,"-91.5059,28.6764,0",-91.5059,28.6764,0.0,0.0,0.0,2014/08/05 10:32:30
GERG,unit_307,"-91.5050,28.6655,0",-91.5050,28.6655,0.0,0.0,0.0,2014/08/05 16:04:37
GERG,unit_307,"-91.5050,28.6655,0",-91.5050,28.6655,0.0,0.0,0.0,2014/08/05 16:27:39
GERG,unit_307,"-91.5056,28.6654,0",-91.5056,28.6654,0.0,0.0,0.0,2014/08/05 16:38:33
GERG,unit_307,"-91.4988,28.6469,0",-91.4988,28.6469,0.0,0.0,0.0,2014/08/05 22:02:06
GERG,unit_307,"-91.4987,28.6482,0",-91.4987,28.6482,0.0,0.0,0.0,2014/08/05 22:12:10
GERG,unit_307,"-91.4938,28.6463,0",-91.4938,28.6463,0.0,0.0,0.0,2014/08/05 23:34:20
GERG,unit_307,"-91.4938,28.6463,0",-91.4938,28.6463,0.0,0.0,0.0,2014/08/05 23:58:42
GERG,unit_307,"-91.4917,28.6499,0",-91.4917,28.6499,0.0,0.0,0.0,2014/08/06 00:09:32
GERG,unit_307,"-91.4775,28.6472,0",-91.4775,28.6472,0.0,0.0,0.0,2014/08/06 04:04:34
GERG,unit_307,"-91.4774,28.6473,0",-91.4774,28.6473,0.0,0.0,0.0,2014/08/06 04:20:52
GERG,unit_307,"-91.4754,28.6489,0",-91.4754,28.6489,0.0,0.0,0.0,2014/08/06 04:31:44
GERG,unit_307,"-91.4588,28.6244,0",-91.4588,28.6244,0.0,0.0,0.0,2014/08/06 10:03:39
GERG,unit_307,"-91.4588,28.6245,0",-91.4588,28.6245,0.0,0.0,0.0,2014/08/06 10:23:30
GERG,unit_307,"-91.4576,28.6266,0",-91.4576,28.6266,0.0,0.0,0.0,2014/08/06 10:34:23
GERG,unit_307,"-91.4564,28.6049,0",-91.4564,28.6049,0.0,0.0,0.0,2014/08/06 16:02:07
GERG,unit_307,"-91.4563,28.6050,0",-91.4563,28.6050,0.0,0.0,0.0,2014/08/06 16:25:08
GERG,unit_307,"-91.4498,28.6073,0",-91.4498,28.6073,0.0,0.0,0.0,2014/08/06 16:36:02
GERG,unit_307,"-91.4387,28.5846,0",-91.4387,28.5846,0.0,0.0,0.0,2014/08/06 22:03:04
GERG,unit_307,"-91.4387,28.5846,0",-91.4387,28.5846,0.0,0.0,0.0,2014/08/06 22:24:26
GERG,unit_307,"-91.4360,28.5871,0",-91.4360,28.5871,0.0,0.0,0.0,2014/08/06 22:35:22
GERG,unit_307,"-91.4177,28.5838,0",-91.4177,28.5838,0.0,0.0,0.0,2014/08/07 04:02:57
GERG,unit_307,"-91.4149,28.5891,0",-91.4149,28.5891,0.0,0.0,0.0,2014/08/07 04:40:45
GERG,unit_307,"-91.3860,28.5618,0",-91.3860,28.5618,0.0,0.0,0.0,2014/08/07 10:05:03
GERG,unit_307,"-91.3842,28.5635,0",-91.3842,28.5635,0.0,0.0,0.0,2014/08/07 10:15:03
GERG,unit_307,"-91.3784,28.5568,0",-91.3784,28.5568,0.0,0.0,0.0,2014/08/07 11:36:20
GERG,unit_307,"-91.3782,28.5569,0",-91.3782,28.5569,0.0,0.0,0.0,2014/08/07 12:07:38
GERG,unit_307,"-91.3700,28.5639,0",-91.3700,28.5639,0.0,0.0,0.0,2014/08/07 12:18:28
GERG,unit_307,"-91.3677,28.5459,0",-91.3677,28.5459,0.0,0.0,0.0,2014/08/07 16:04:40
GERG,unit_307,"-91.3676,28.5460,0",-91.3676,28.5460,0.0,0.0,0.0,2014/08/07 16:22:03
GERG,unit_307,"-91.3624,28.5491,0",-91.3624,28.5491,0.0,0.0,0.0,2014/08/07 16:32:58
GERG,unit_307,"-91.3619,28.5323,0",-91.3619,28.5323,0.0,0.0,0.0,2014/08/07 22:05:27
GERG,unit_307,"-91.3619,28.5323,0",-91.3619,28.5323,0.0,0.0,0.0,2014/08/07 22:28:52
GERG,unit_307,"-91.3588,28.5323,0",-91.3588,28.5323,0.0,0.0,0.0,2014/08/07 22:39:45
GERG,unit_307,"-91.3441,28.5341,0",-91.3441,28.5341,0.0,0.0,0.0,2014/08/08 04:02:36
GERG,unit_307,"-91.3441,28.5343,0",-91.3441,28.5343,0.0,0.0,0.0,2014/08/08 04:48:29
GERG,unit_307,"-91.3428,28.5420,0",-91.3428,28.5420,0.0,0.0,0.0,2014/08/08 04:59:20
GERG,unit_307,"-91.3177,28.5304,0",-91.3177,28.5304,0.0,0.0,0.0,2014/08/08 10:02:38
GERG,unit_307,"-91.3176,28.5306,0",-91.3176,28.5306,0.0,0.0,0.0,2014/08/08 10:25:42
GERG,unit_307,"-91.3144,28.5377,0",-91.3144,28.5377,0.0,0.0,0.0,2014/08/08 10:36:34
GERG,unit_307,"-91.2950,28.5151,0",-91.2950,28.5151,0.0,0.0,0.0,2014/08/08 16:03:36
GERG,unit_307,"-91.2950,28.5152,0",-91.2950,28.5152,0.0,0.0,0.0,2014/08/08 16:29:31
GERG,unit_307,"-91.2939,28.5210,0",-91.2939,28.5210,0.0,0.0,0.0,2014/08/08 16:40:23
GERG,unit_307,"-91.2770,28.4910,0",-91.2770,28.4910,0.0,0.0,0.0,2014/08/08 22:04:31
GERG,unit_307,"-91.2769,28.4909,0",-91.2769,28.4909,0.0,0.0,0.0,2014/08/08 22:28:33
GERG,unit_307,"-91.2744,28.4845,0",-91.2744,28.4845,0.0,0.0,0.0,2014/08/08 22:39:23
GERG,unit_307,"-91.2627,28.4772,0",-91.2627,28.4772,0.0,0.0,0.0,2014/08/09 04:05:00
GERG,unit_307,"-91.2627,28.4784,0",-91.2627,28.4784,0.0,0.0,0.0,2014/08/09 04:15:04
GERG,unit_307,"-91.2627,28.4784,0",-91.2627,28.4784,0.0,0.0,0.0,2014/08/09 04:25:06
GERG,unit_307,"-91.2379,28.4583,0",-91.2379,28.4583,0.0,0.0,0.0,2014/08/09 10:04:03
GERG,unit_307,"-91.2377,28.4584,0",-91.2377,28.4584,0.0,0.0,0.0,2014/08/09 10:44:00
GERG,unit_307,"-91.2292,28.4619,0",-91.2292,28.4619,0.0,0.0,0.0,2014/08/09 10:54:54
GERG,unit_307,"-91.2223,28.4609,0",-91.2223,28.4609,0.0,0.0,0.0,2014/08/09 11:53:50
GERG,unit_307,"-91.2003,28.4527,0",-91.2003,28.4527,0.0,0.0,0.0,2014/08/09 16:03:38
GERG,unit_307,"-91.1851,28.4524,0",-91.1851,28.4524,0.0,0.0,0.0,2014/08/09 17:08:35
GERG,unit_307,"-91.1654,28.4442,0",-91.1654,28.4442,0.0,0.0,0.0,2014/08/09 22:04:39
GERG,unit_307,"-91.1493,28.4341,0",-91.1493,28.4341,0.0,0.0,0.0,2014/08/09 23:36:48
GERG,unit_307,"-91.1331,28.4399,0",-91.1331,28.4399,0.0,0.0,0.0,2014/08/10 04:02:39
GERG,unit_307,"-91.1331,28.4399,0",-91.1331,28.4399,0.0,0.0,0.0,2014/08/10 04:57:14
GERG,unit_307,"-91.1326,28.4348,0",-91.1326,28.4348,0.0,0.0,0.0,2014/08/10 05:13:19
GERG,unit_307,"-91.1114,28.4315,0",-91.1114,28.4315,0.0,0.0,0.0,2014/08/10 10:05:38
GERG,unit_307,"-91.1113,28.4316,0",-91.1113,28.4316,0.0,0.0,0.0,2014/08/10 10:36:12
GERG,unit_307,"-91.1065,28.4346,0",-91.1065,28.4346,0.0,0.0,0.0,2014/08/10 10:49:15
GERG,unit_307,"-91.0693,28.4259,0",-91.0693,28.4259,0.0,0.0,0.0,2014/08/10 16:04:07
GERG,unit_307,"-91.0691,28.4258,0",-91.0691,28.4258,0.0,0.0,0.0,2014/08/10 16:21:12
GERG,unit_307,"-91.0553,28.4240,0",-91.0553,28.4240,0.0,0.0,0.0,2014/08/10 16:54:52
GERG,unit_307,"-91.0284,28.4249,0",-91.0284,28.4249,0.0,0.0,0.0,2014/08/10 22:03:09
GERG,unit_307,"-91.0190,28.4133,0",-91.0190,28.4133,0.0,0.0,0.0,2014/08/10 23:18:29
GERG,unit_307,"-90.9907,28.4250,0",-90.9907,28.4250,0.0,0.0,0.0,2014/08/11 04:04:09
GERG,unit_307,"-90.9906,28.4250,0",-90.9906,28.4250,0.0,0.0,0.0,2014/08/11 04:32:43
GERG,unit_307,"-90.9898,28.4253,0",-90.9898,28.4253,0.0,0.0,0.0,2014/08/11 04:50:42
GERG,unit_307,"-90.9533,28.4379,0",-90.9533,28.4379,0.0,0.0,0.0,2014/08/11 10:04:39
GERG,unit_307,"-90.9531,28.4380,0",-90.9531,28.4380,0.0,0.0,0.0,2014/08/11 10:36:11
GERG,unit_307,"-90.9422,28.4446,0",-90.9422,28.4446,0.0,0.0,0.0,2014/08/11 10:56:28
GERG,unit_307,"-90.9049,28.4512,0",-90.9049,28.4512,0.0,0.0,0.0,2014/08/11 16:04:11
GERG,unit_307,"-90.8893,28.4494,0",-90.8893,28.4494,0.0,0.0,0.0,2014/08/11 16:56:09
GERG,unit_307,"-90.8608,28.4618,0",-90.8608,28.4618,0.0,0.0,0.0,2014/08/11 22:04:01
GERG,unit_307,"-90.8607,28.4618,0",-90.8607,28.4618,0.0,0.0,0.0,2014/08/11 23:23:25
GERG,unit_307,"-90.8503,28.4587,0",-90.8503,28.4587,0.0,0.0,0.0,2014/08/11 23:45:25
GERG,unit_307,"-90.8306,28.4661,0",-90.8306,28.4661,0.0,0.0,0.0,2014/08/12 04:02:08
